insert into ksiazka(id, autor, cena, kategoria, opis, tytul, opis_Short, ksiazka_Foto) VALUES (1, 'Mróz Remigiusz', 27.93, 'Kryminał, sensacja, thriller', 'Kontynuacja bestsellerowej Nieodnalezionej!
Rok po ucieczce od męża Kasandra Reimann prowadzi spokojne, ustatkowane życie za granicą. Jest przekonana, że udało jej się zostawić wszystko za sobą – także konsekwencje tego, co zrobiła, by ratować siebie i dziecko. Do czasu. Pewnego dnia jej syn nie wraca do domu po wizycie u kolegi, a jedyny ślad prowadzi do Opola. Zrozpaczona matka zrobi wszystko, by odnaleźć dziecko, nawet jeśli będzie oznaczało to ponowne spotkanie z człowiekiem, którego życie zniszczyła.
Damian Werner tymczasem wprowadza się do nowego mieszkania, wciąż starając się zapomnieć o wszystkim, co spotkało go rok temu. Przeglądając jednak rzeczy zostawione przez poprzedniego właściciela, trafia na starą kasetę VHS, która rzuca nowe światło na jego przeszłość…',
    'Nieodgadniona',
    'Kontynuacja bestsellerowej Nieodnalezionej!
    Rok po ucieczce od męża Kasandra Reimann prowadzi spokojne, ustatkowane życie za granicą. Jest przekonana, że udało jej się zostawić wszystko za sobą – także konsekwencje tego, co zrobiła, by ratować siebie i dziecko.', 'https://ecsmedia.pl/c/nieodgadniona-b-iext53817927.jpg');
insert into ksiazka(id, autor, cena, kategoria, opis, tytul, opis_Short, ksiazka_Foto) VALUES (2,
                                                                                               '
                                                                                               Morris Heather
                                                                                               ',
                                                                                               24.43,
                                                                                               'Literatura piękna obca
                                                                                              ',
                                                                                               'Prawdziwa historia Lalego Sokołowa, który tatuował numery seryjne na ramionach osadzonych w Auschwitz. Milczał przez ponad pół wieku, tuż przed śmiercią zdecydował się opowiedzieć swoje losy. Tatuażysta z Auschwitz to właśnie opowieść Sokołowa, którą usłyszała i spisała autorka.
                                                                                              Lale Sokołow trafił do obozu w Auschwitz w 1942 roku. Miał wówczas dwadzieścia sześć lat, znał kilka języków. Miał tatuować numery na przedramionach przybywających do obozu więźniów. Zadawać im ból i cierpienie, naznaczać na całe życie. Dzięki swoim obowiązkom cieszył się w obozie wyjątkową wolnością, mógł się po nim przemieszczać z większą swobodą niż reszta osadzonych. Wykorzystał to, by pomagać innym.
                                                                                              O Auschwitz powstało już setki książek. Wspomnienia Lalego wyróżnia niezwykła odwaga i hart ducha głównego bohatera. Oraz miłość. W kolejce do tatuażysty stanęła pewnego dnia młoda, przerażona dziewczyna – Gita – a młody Lale zakochał się w niej od pierwszego wejrzenia. To właśnie w obozie po raz pierwszy rozmawiali, flirtowali, wymienili pocałunki. Ich uczucie przetrwało nazistowskie piekło, pobrali się i spędzili razem resztę życia.
                                                                                              Lale Sokołow zdecydował się opowiedzieć swoją historię dopiero po śmierci Gity. To łamiąca serce, a jednocześnie dodająca otuchy opowieść.
                                                                                              ',
                                                                                               'Tatuażysta z Auschwitz
                                                                                               ', 'Prawdziwa historia Lalego Sokołowa, który tatuował numery seryjne na ramionach osadzonych w Auschwitz. Milczał przez ponad pół wieku, tuż przed śmiercią zdecydował się opowiedzieć swoje losy. Tatuażysta z Auschwitz to właśnie opowieść Sokołowa, którą usłyszała i spisała autorka.
Lale Sokołow trafił do obozu w Auschwitz w 1942 roku.', 'https://ecsmedia.pl/c/tatuazysta-z-auschwitz-b-iext52712249.jpg');
insert into ksiazka(id, autor, cena, kategoria, opis, tytul, opis_Short, ksiazka_Foto) VALUES (3,
                                                                                               'Paris B.A.', 24.99 ,

                                                                                               'Kryminał, sensacja, thriller
                                                                                              ',
                                                                                               'Powieść autorki bestsellerowych thrillerów „Za zamkniętymi drzwiami” oraz „Na skraju załamania”.
                                                                                              Ona zniknęła
                                                                                              Fin i Layla, młodzi i nieprzytomne w sobie zakochani, wyjeżdżają na wakacje do Francji. W drodze zatrzymują się w nocy na parkingu i kiedy Fin wraca z toalety, jego dziewczyny nigdzie nie ma.
                                                                                              On skłamał
                                                                                              Fin opowiada policji, o tym, co zdarzyło się tej nocy. Są tacy, co nie wierzą w jego wersję i podejrzewają go o najgorsze. Nawet po latach. I tylko Fin wie, że nie powiedział policji całej prawdy.
                                                                                              Nowe życie
                                                                                              Po dziesięciu latach zaczyna jeszcze raz – w innym miejscu, z inną kobietą. I tak się akurat złożyło, że jest nią siostra jego zaginionej dziewczyny. Kiedy się zaręczają, Fin dostaje telefon. Ktoś z jego przeszłości widział Laylę. Ktoś podrzuca znaki kojarzące się jednoznacznie z Laylą. Ktoś wysyła mu maile, które doprowadzają go na skraj szaleństwa.
                                                                                              Fin zaczyna podejrzewać wszystkich i coraz bardziej wierzy w to, że jego dawna ukochana żyje. I że jest bliżej, niż mu się wydaje.
                                                                                              ',
                                                                                               'Pozwól mi wrócić
                                                                                               ',
                                                                                               'Powieść autorki bestsellerowych thrillerów „Za zamkniętymi drzwiami” oraz „Na skraju załamania”.
                                                                                               Ona zniknęła
                                                                                               Fin i Layla, młodzi i nieprzytomne w sobie zakochani, wyjeżdżają na wakacje do Francji. W drodze zatrzymują się w nocy na parkingu i kiedy Fin wraca z toalety, jego dziewczyny nigdzie nie ma.','https://ecsmedia.pl/c/pozwol-mi-wrocic-p-iext53736506.jpg');
insert into ksiazka(id, autor, cena, kategoria, opis, tytul, opis_Short, ksiazka_Foto) VALUES (4,
                                                                                               'Obama Michelle', 38.99 ,
                                                                                               'Biografie i autobiografie',
                                                                                               '
                                                                                              Michelle Obama opisuje doświadczenia, które ją ukształtowały – od dzieciństwa w południowym Chicago, przez lata godzenia macierzyństwa z karierą, aż do czasu spędzonego w najsłynniejszym domu świata. Z niebywałą szczerością, odwagą i humorem odkrywa kulisy swojego życia rodzinnego. Opisuje, jak Obamowie znaleźli się w centrum zainteresowania światowych mediów i jak wyglądało ich życie w Białym Domu przez osiem kluczowych lat, kiedy poznawała Amerykę, a Ameryka poznawała ją. To zaskakująco intymny rozrachunek z życiem kobiety wrażliwej i stanowczej, która konsekwentnie odmawiała spełniania oczekiwań innych i której historia zachęca, by pójść w jej ślady.
                                                                                              "Nie wiem wszystkiego o Ameryce, o życiu, o tym, co przyniesie przyszłość. Znam jednak siebie. Mój ojciec Fraser nauczył mnie ciężko pracować, często się śmiać i dotrzymywać słowa. Moja matka Marian pokazała mi, jak samodzielnie myśleć i korzystać z własnego głosu. W naszym zatłoczonym mieszkanku na South Side w Chicago pokazali mi, że należy doceniać wartość historii: naszej rodziny, mojej własnej, kraju. Nawet jeśli bywa brzydka lub niedoskonała. Nawet jeśli odcisnęła głębsze piętno, niżbyśmy chcieli. Twojej historii nikt ci nie odbierze. Należy do ciebie."
                                                                                              z Przedmowy
                                                                                              Osobiste wspomnienia najbardziej lubianej pierwszej damy stanów zjednoczonych.

                                                                                              ',
                                                                                               'Becoming. Moja historia
                                                                                               ','Michelle Obama opisuje doświadczenia, które ją ukształtowały – od dzieciństwa w południowym Chicago, przez lata godzenia macierzyństwa z karierą, aż do czasu spędzonego w najsłynniejszym domu świata. Z niebywałą szczerością, odwagą i humorem odkrywa kulisy swojego życia rodzinnego.', 'https://ecsmedia.pl/c/becoming-moja-historia-p-iext52620140.jpg');

insert into ksiazka(id, autor, cena, kategoria, opis, tytul, opis_Short, ksiazka_Foto) VALUES (5,
                                                                                               'Szczepański Dominik', 31.49,
                                                                                               'Biografie i autobiografie',
                                                                                               'Przez całe życie Tomek Mackiewicz, "Czapkins", niemożliwe zmieniał w realne. Kiedy wyznaczył sobie cel – jako pierwszy człowiek wejdzie zimą na wierzchołek Nanga Parbat (8125 m n.p.m.) – do wyścigu przystąpiły największe gwiazdy himalaizmu, ale Czapkins nie chciał się ścigać. I nie chciał być gwiazdą. Chciał zdobyć nieobliczalną Nagą Górę na własnych zasadach.
                                                                                              Dominik Szczepański, współautor bestsellerowej biografii Adama Bieleckiego "Spod zamarzniętych powiek", sam był świadkiem zmagań Tomka Mackiewicza z Nagą Górą podczas słynnej wyprawy w 2016 roku. Opisał je w książce "Nanga Parbat. Śnieg, kłamstwa i góra do wyzwolenia", której był współautorem.
                                                                                              Po śmierci Mackiewicza autor wyruszył w podróż wiodącą od Działoszyna, gdzie Tomek przeżywał pierwsze przygody, aż po bazę pod Nanga Parbat w Pakistanie. O Tomku opowiadają ojciec Witold, była żona Joanna Kondracka, przyjaciele z Polski i Irlandii.
                                                                                              ',
                                                                                               'Czapkins. Historia Tomka Mackiewicza
                                                                                               ','Przez całe życie Tomek Mackiewicz, "Czapkins", niemożliwe zmieniał w realne. Kiedy wyznaczył sobie cel – jako pierwszy człowiek wejdzie zimą na wierzchołek Nanga Parbat (8125 m n.p.m.) – do wyścigu przystąpiły największe gwiazdy himalaizmu, ale Czapkins nie chciał się ścigać.', 'https://ecsmedia.pl/c/czapkins-historia-tomka-mackiewicza-p-iext53233648.jpg');
insert into ksiazka(id, autor, cena, kategoria, opis, tytul, opis_Short, ksiazka_Foto) VALUES (6,
                                                                                               'Puzyńska Katarzyna', 27.93,
                                                                                               'Kryminał, sensacja, thriller',
                                                                                               '
                                                                                              Zbliża się krwawy superksiężyc. Mieszkańcy maleńkich Rodzanic boją się, że ta niezwykła pełnia uwolni z dawna uśpionego demona. Tymczasem na zamarzniętym, smaganym zimowym wichrem jeziorze znaleziono ciało zamordowanej dziewczyny. Jest przykryta kocem. Gdyby nie to, że jakieś zwierzę poszarpało jej rękę, wyglądałaby, jakby spokojnie spała. Tego samego dnia umiera pewna dziennikarka. W ostatnich słowach przestrzega byłą komisarz Klementynę Kopp przed wilkołakiem. Wkrótce emerytowana policjantka znika bez śladu… Pojawiają się sugestie, że to Kopp dokonała zbrodni. Tylko aspirant Daniel Podgórski wierzy, że dawna koleżanka jest niewinna. Jaki sekret skrywa sam Podgórski? Dlaczego odpowiedzi warto szukać w szklanej kuli? Ile prawdy jest w anonimie zapowiadającym śmierć wszystkich mieszkańców Lipowa? I kto tak naprawdę czai się w ciemności?
                                                                                              ',
                                                                                               'Rodzanice. Lipowo. Tom 10
                                                                                               ','Zbliża się krwawy superksiężyc. Mieszkańcy maleńkich Rodzanic boją się, że ta niezwykła pełnia uwolni z dawna uśpionego demona. Tymczasem na zamarzniętym, smaganym zimowym wichrem jeziorze znaleziono ciało zamordowanej dziewczyny. Jest przykryta kocem. Gdyby nie to, że jakieś zwierzę poszarpało jej rękę, wyglądałaby, jakby spokojnie spała.', 'https://ecsmedia.pl/c/rodzanice-lipowo-tom-10-p-iext53727845.jpg');

insert into ZAMOWIENIA_KLIENTA(id, address, stan, telefon) VALUES (1, 'Długa 1 Warszawa', 'doRealizacji', '123456789' );
insert into zamowienia_klienta
(id, address, stan, telefon) VALUES   (2, 'Krakowskie Przedmieście 1, Warszawa', 'wTrakciePakowania', '987654321' );
insert into zamowienia_klienta
(id, address, stan, telefon) VALUES   (3, 'Saperska 2 , Kraków', 'wTrakciePakowania', '111222333' );
insert into zamowienia_klienta
(id, address, stan, telefon) VALUES   (4, 'Legnicka 7 , Wrocław', 'wyslaneDoCzytelnika', '111122223' );
insert into zamowienia_klienta
(id, address, stan, telefon) VALUES   (5, 'Bracka 8 , Gdynia', 'wyslaneDoCzytelnika', '112233445' );

insert into ZAMOWIONE_KSIAZKI(zamowienie_id, ksiazka_id) values
(1, 1),
(1, 2),
(1, 3),
(2, 3),
(2, 4),
(3, 5),
(3, 4),
(3, 3),
(4, 5),
(4, 4),
(5, 3),
(5, 2),
(5, 1);

